Workbook
Name ACTION: #REF!
Name ACTION: #REF!

Sheet Cover
B2: TEST REPORT DOCUMENT
A4: Project Name | B4: Design and Evaluation of an AI Data Agent for Automated Data Analysis Using User-Provided Datasets | E4: Creator | F4: Ngô Thành Đạt
A5: Project Code | B5: FA26SE115 | E5: Issue Date | F5: 46325
A6: Document Code | B6: FA26SE115_SystemTestReport_v1.0 | E6: Version | F6: v1.0
A9: Record of change
A10: Effective Date | B10: Version | C10: Change Item | D10: *A,D,M | E10: Change description | F10: Reference
A11: 46325 | B11: v1.0 | C11: Initial system test report | D11: A | E11: Rounds 1-3 of 58 system test cases on the local stack | F11: Report III (SRS), Report V section 4.2, logos commit af201866

Sheet Test Cases
D1: TEST CASE LIST
B3: Project Name | D3: =Cover!B4
B4: Project Code | D4: =Cover!B5
B5: Test Environment Setup Description | D5: 1. Stack: docker compose (deploy/docker-compose.dev.yml), logos commit af201866: management API on localhost:8080, PostgreSQL 16, engines dataset, hypothesis, experiment-design, execution, paper, oversight. 2. Email: local log sender; sign-in codes are read from the management log. 3. Client: Python requests script (scripts/run_system_test.py) on macOS 15; Origin http://localhost:3000. 4. Accounts: a new Project Manager, Researcher and outsider per round; default Platform Admin admin@example.com. 5. Data: a 60-row CSV, the local PostgreSQL as an external source, a Slack webhook URL (not called). 6. LLM providers: none configured, so runs cannot start (cases marked Pending).
B8: No | C8: Function Name | D8: Sheet Name | E8: Description | F8: Pre-Condition
B9: 1 | C9: Sign in with email code | D9: Authentication & Account | E9: Test cases of "Sign in with email code" | F9: Email address has no account
B10: 2 | C10: Session | D10: Authentication & Account | E10: Test cases of "Session" | F10: Not signed in
B11: 3 | C11: Complete onboarding and update profile | D11: Authentication & Account | E11: Test cases of "Complete onboarding and update profile" | F11: Signed in
B12: 4 | C12: Sign out | D12: Authentication & Account | E12: Test cases of "Sign out" | F12: Signed in
B13: 5 | C13: Create project | D13: Project Workspace | E13: Test cases of "Create project" | F13: Signed in
B14: 6 | C14: View project list and overview | D14: Project Workspace | E14: Test cases of "View project list and overview" | F14: Project exists
B15: 7 | C15: Manage members and invitations | D15: Project Workspace | E15: Test cases of "Manage members and invitations" | F15: Signed in as Project Manager
B16: 8 | C16: Accept or decline invitation | D16: Project Workspace | E16: Test cases of "Accept or decline invitation" | F16: Invitation pending
B17: 9 | C17: Configure project settings | D17: Project Workspace | E17: Test cases of "Configure project settings" | F17: Signed in as Project Manager
B18: 10 | C18: View project activity and audit log | D18: Project Workspace | E18: Test cases of "View project activity and audit log" | F18: Changes made
B19: 11 | C19: Upload dataset | D19: Data Management | E19: Test cases of "Upload dataset" | F19: Signed in as Researcher
B20: 12 | C20: Upload new dataset version | D20: Data Management | E20: Test cases of "Upload new dataset version" | F20: Dataset exists
... B41: 33 | C41: Delete project | D41: Project Workspace | E41: Test cases of "Delete project" | F41: Caller is owner

Sheet Test Statistics
B1: TEST STATISTICS
B3: Project Name | C3: Design and Evaluation of an AI Data Agent for Automated Data Analysis Using User-Provided Datasets | E3: Creator | G3: Ngô Thành Đạt
B4: Project Code | C4: FA26SE115 | E4: Reviewer/Approver
B5: Document Code | C5: FA26SE115_SystemTestReport_v1.0 | E5: Issue Date | H5: 46325
B6: Notes | C6: Figures of round 3 on the local stack. Research Run cases that need an LLM provider are Pending.
B10: No | C10: Module code | D10: Passed | E10: Failed | F10: Pending | G10: N/A | H10: Number of test cases
B11: 1 | C11: ='Authentication & Account'!B2 | D11: ='Authentication & Account'!B8 | E11: ='Authentication & Account'!C8 | F11: ='Authentication & Account'!D8 | G11: ='Authentication & Account'!E8 | H11: ='Authentication & Account'!B4
B12: 2 | C12: ='Project Workspace'!B2 | D12: ='Project Workspace'!B8 | E12: ='Project Workspace'!C8 | F12: ='Project Workspace'!D8 | G12: ='Project Workspace'!E8 | H12: ='Project Workspace'!B4
B13: 3 | C13: ='Data Management'!B2 | D13: ='Data Management'!B8 | E13: ='Data Management'!C8 | F13: ='Data Management'!D8 | G13: ='Data Management'!E8 | H13: ='Data Management'!B4
B14: 4 | C14: ='Data Connections & Integrations'!B2 | D14: ='Data Connections & Integrations'!B8 | E14: ='Data Connections & Integrations'!C8 | F14: ='Data Connections & Integrations'!D8 | G14: ='Data Connections & Integrations'!E8 | H14: ='Data Connections & Integrations'!B4
B15: 5 | C15: ='Local Node'!B2 | D15: ='Local Node'!B8 | E15: ='Local Node'!C8 | F15: ='Local Node'!D8 | G15: ='Local Node'!E8 | H15: ='Local Node'!B4
B16: 6 | C16: ='Research Run Orchestration'!B2 | D16: ='Research Run Orchestration'!B8 | E16: ='Research Run Orchestration'!C8 | F16: ='Research Run Orchestration'!D8 | G16: ='Research Run Orchestration'!E8 | H16: ='Research Run Orchestration'!B4
B17: 7 | C17: ='Notifications'!B2 | D17: ='Notifications'!B8 | E17: ='Notifications'!C8 | F17: ='Notifications'!D8 | G17: ='Notifications'!E8 | H17: ='Notifications'!B4
B18: 8 | C18: ='Administration'!B2 | D18: ='Administration'!B8 | E18: ='Administration'!C8 | F18: ='Administration'!D8 | G18: ='Administration'!E8 | H18: ='Administration'!B4
C20: Sub total | D20: =SUM(D11:D18) | E20: =SUM(E11:E18) | F20: =SUM(F11:F18) | G20: =SUM(G11:G18) | H20: =SUM(H11:H18)
C22: Test coverage | E22: =(D20+E20)*100/(H20-G20) | F22: %
C23: Test successful coverage | E23: =D20*100/(H20-G20) | F23: %

Sheet Authentication & Account
A2: Feature | B2: Authentication & Account | R2: Passed
A3: Test requirement | B3: Email-code sign-in, session, profile and sign-out (FE-01; UC-01). | R3: Failed
A4: Number of TCs | B4: =COUNTIF(A12:A22,"ST-*") | R4: Pending
A5: Testing Round | B5: Passed | C5: Failed | D5: Pending | E5: N/A | R5: N/A
A6: Round 1 | B6: =COUNTIF($F$12:$F$22,B$5) | C6: =COUNTIF($F$12:$F$22,C$5) | D6: =COUNTIF($F$12:$F$22,D$5) | E6: =COUNTIF($F$12:$F$22,E$5)
A7: Round 2 | B7: =COUNTIF($I$12:$I$22,B$5) | C7: =COUNTIF($I$12:$I$22,C$5) | D7: =COUNTIF($I$12:$I$22,D$5) | E7: =COUNTIF($I$12:$I$22,E$5)
A8: Round 3 | B8: =COUNTIF($L$12:$L$22,B$5) | C8: =COUNTIF($L$12:$L$22,C$5) | D8: =COUNTIF($L$12:$L$22,D$5) | E8: =COUNTIF($L$12:$L$22,E$5)
A10: Test Case ID | B10: Test Case Description | C10: Test Case Procedure | D10: Expected Results | E10: Pre-conditions | F10: Round 1 | G10: Test date | H10: Tester | I10: Round 2 | J10: Test date | K10: Tester | L10: Round 3 | M10: Test date | N10: Tester | O10: Note
A11: Sign in with email code
A12: ST-AUTH-01 | B12: Start sign-in for a new email address | C12: 1. POST /auth/email/start with a new email | D12: Answer 200; a 6-digit code and link are emailed | E12: Email address has no account | F12: Passed | G12: 46325 | H12: Ngô Thành Đạt | I12: Passed | J12: 46325 | K12: Ngô Thành Đạt | L12: Passed | M12: 46325 | N12: Ngô Thành Đạt | O12: HTTP 200, code found in mail log
A13: ST-AUTH-02 | B13: Sign in with a wrong code | C13: 1. POST /auth/email/verify with code 000000 | D13: Request refused; no session | E13: Sign-in started | F13: Passed | G13: 46325 | H13: Ngô Thành Đạt | I13: Passed | J13: 46325 | K13: Ngô Thành Đạt | L13: Passed | M13: 46325 | N13: Ngô Thành Đạt | O13: HTTP 400
A14: ST-AUTH-03 | B14: Sign in with the emailed code | C14: 1. Read the code from the email 2. POST /auth/email/verify 3. GET /auth/me | D14: Session opens; /auth/me returns the user; no password asked | E14: Sign-in started | F14: Passed | G14: 46325 | H14: Ngô Thành Đạt | I14: Passed | J14: 46325 | K14: Ngô Thành Đạt | L14: Passed | M14: 46325 | N14: Ngô Thành Đạt | O14: verify HTTP 200, me HTTP 200
A15: ST-AUTH-04 | B15: Reuse a code that was already used | C15: 1. POST /auth/email/verify again with the same code | D15: Request refused | E15: Code used once | F15: Passed | G15: 46325 | H15: Ngô Thành Đạt | I15: Passed | J15: 46325 | K15: Ngô Thành Đạt | L15: Passed | M15: 46325 | N15: Ngô Thành Đạt | O15: HTTP 400
A16: ST-AUTH-05 | B16: Start sign-in from a site that is not allowed | C16: 1. POST /auth/email/start with Origin http://evil.example | D16: Request refused (403) | E16: None | F16: Passed | G16: 46325 | H16: Ngô Thành Đạt | I16: Passed | J16: 46325 | K16: Ngô Thành Đạt | L16: Passed | M16: 46325 | N16: Ngô Thành Đạt | O16: HTTP 403
A17: Session
A18: ST-AUTH-06 | B18: Open the profile without a session | C18: 1. GET /auth/me without cookie | D18: Request refused (401) | E18: Not signed in | F18: Passed | G18: 46325 | H18: Ngô Thành Đạt | I18: Passed | J18: 46325 | K18: Ngô Thành Đạt | L18: Passed | M18: 46325 | N18: Ngô Thành Đạt | O18: HTTP 401
A19: Complete onboarding and update profile
A20: ST-AUTH-07 | B20: Set the display name | C20: 1. PATCH /auth/me with display_name 2. GET /auth/me | D20: Name saved and returned | E20: Signed in | F20: Passed | G20: 46325 | H20: Ngô Thành Đạt | I20: Passed | J20: 46325 | K20: Ngô Thành Đạt | L20: Passed | M20: 46325 | N20: Ngô Thành Đạt | O20: HTTP 200
A21: Sign out
A22: ST-AUTH-08 | B22: Sign out ends the session | C22: 1. Sign in a second browser session 2. POST /auth/logout 3. GET /auth/me | D22: /auth/me answers 401 after logout | E22: Signed in | F22: Passed | G22: 46325 | H22: Ngô Thành Đạt | I22: Passed | J22: 46325 | K22: Ngô Thành Đạt | L22: Passed | M22: 46325 | N22: Ngô Thành Đạt | O22: logout HTTP 200, me HTTP 401

Sheet Project Workspace
A2: Feature | B2: Project Workspace | R2: Passed
A3: Test requirement | B3: Projects, members, invitations, settings, activity, archive, ownership and delete (FE-02; UC-03, UC-04). | R3: Failed
A4: Number of TCs | B4: =COUNTIF(A12:A33,"ST-*") | R4: Pending
A5: Testing Round | B5: Passed | C5: Failed | D5: Pending | E5: N/A | R5: N/A
A6: Round 1 | B6: =COUNTIF($F$12:$F$33,B$5) | C6: =COUNTIF($F$12:$F$33,C$5) | D6: =COUNTIF($F$12:$F$33,D$5) | E6: =COUNTIF($F$12:$F$33,E$5)
A7: Round 2 | B7: =COUNTIF($I$12:$I$33,B$5) | C7: =COUNTIF($I$12:$I$33,C$5) | D7: =COUNTIF($I$12:$I$33,D$5) | E7: =COUNTIF($I$12:$I$33,E$5)
A8: Round 3 | B8: =COUNTIF($L$12:$L$33,B$5) | C8: =COUNTIF($L$12:$L$33,C$5) | D8: =COUNTIF($L$12:$L$33,D$5) | E8: =COUNTIF($L$12:$L$33,E$5)
A10: Test Case ID | B10: Test Case Description | C10: Test Case Procedure | D10: Expected Results | E10: Pre-conditions | F10: Round 1 | G10: Test date | H10: Tester | I10: Round 2 | J10: Test date | K10: Tester | L10: Round 3 | M10: Test date | N10: Tester | O10: Note
A11: Create project
A12: ST-PRJ-01 | B12: Create a project | C12: 1. POST /projects with name, description, domain | D12: Project created; creator is Project Manager | E12: Signed in | F12: Passed | G12: 46325 | H12: Ngô Thành Đạt | I12: Passed | J12: 46325 | K12: Ngô Thành Đạt | L12: Passed | M12: 46325 | N12: Ngô Thành Đạt | O12: HTTP 201
A13: ST-PRJ-02 | B13: Create a project without a name | C13: 1. POST /projects with empty name | D13: Validation error (422) | E13: Signed in | F13: Passed | G13: 46325 | H13: Ngô Thành Đạt | I13: Passed | J13: 46325 | K13: Ngô Thành Đạt | L13: Passed | M13: 46325 | N13: Ngô Thành Đạt | O13: HTTP 422
A14: View project list and overview
A15: ST-PRJ-03 | B15: A user sees only own projects | C15: 1. As outsider GET /projects | D15: The new project is not listed | E15: Project exists | F15: Passed | G15: 46325 | H15: Ngô Thành Đạt | I15: Passed | J15: 46325 | K15: Ngô Thành Đạt | L15: Passed | M15: 46325 | N15: Ngô Thành Đạt | O15: HTTP 200, 0 projects
A16: ST-PRJ-04 | B16: A non-member opens a project | C16: 1. As outsider GET /projects/{id} | D16: Refused (403/404); nothing revealed | E16: Project exists | F16: Passed | G16: 46325 | H16: Ngô Thành Đạt | I16: Passed | J16: 46325 | K16: Ngô Thành Đạt | L16: Passed | M16: 46325 | N16: Ngô Thành Đạt | O16: HTTP 404
A17: Manage members and invitations
A18: ST-PRJ-05 | B18: Invite a member as Researcher | C18: 1. POST /projects/{id}/members with email and role researcher 2. GET members | D18: Invitation saved as pending | E18: Signed in as Project Manager | F18: Passed | G18: 46325 | H18: Ngô Thành Đạt | I18: Passed | J18: 46325 | K18: Ngô Thành Đạt | L18: Passed | M18: 46325 | N18: Ngô Thành Đạt | O18: HTTP 201
A19: ST-PRJ-06 | B19: Invite with a role that does not exist | C19: 1. POST members with role owner | D19: Validation error (422) | E19: Signed in as Project Manager | F19: Passed | G19: 46325 | H19: Ngô Thành Đạt | I19: Passed | J19: 46325 | K19: Ngô Thành Đạt | L19: Passed | M19: 46325 | N19: Ngô Thành Đạt | O19: HTTP 422
A20: Accept or decline invitation
A21: ST-PRJ-07 | B21: Invitee accepts the invitation | C21: 1. As invitee list invitations 2. Accept the invitation 3. GET the project | D21: Invitee becomes a member and opens the project | E21: Invitation pending | F21: Passed | G21: 46325 | H21: Ngô Thành Đạt | I21: Passed | J21: 46325 | K21: Ngô Thành Đạt | L21: Passed | M21: 46325 | N21: Ngô Thành Đạt | O21: accept HTTP 200, project HTTP 200
A22: Configure project settings
A23: ST-PRJ-08 | B23: Read defaults and save one section | C23: 1. GET /projects/{id}/settings 2. PATCH settings/{section} with the version | D23: Section saved; version increases | E23: Signed in as Project Manager | F23: Passed | G23: 46325 | H23: Ngô Thành Đạt | I23: Passed | J23: 46325 | K23: Ngô Thành Đạt | L23: Passed | M23: 46325 | N23: Ngô Thành Đạt | O23: HTTP 200, version 0->1
A24: ST-PRJ-09 | B24: Save with a stale version | C24: 1. PATCH settings with the old version number | D24: Conflict (409); old values kept | E24: Settings saved once | F24: Passed | G24: 46325 | H24: Ngô Thành Đạt | I24: Passed | J24: 46325 | K24: Ngô Thành Đạt | L24: Passed | M24: 46325 | N24: Ngô Thành Đạt | O24: HTTP 409
A25: ST-PRJ-10 | B25: A Researcher tries to change settings | C25: 1. As Researcher PATCH settings | D25: Refused (403) | E25: Researcher is a member | F25: Passed | G25: 46325 | H25: Ngô Thành Đạt | I25: Passed | J25: 46325 | K25: Ngô Thành Đạt | L25: Passed | M25: 46325 | N25: Ngô Thành Đạt | O25: HTTP 403
A26: View project activity and audit log
A27: ST-PRJ-11 | B27: Changes appear in the activity log | C27: 1. GET /projects/{id}/activity | D27: Entries for project creation, invitation and settings | E27: Changes made | F27: Passed | G27: 46325 | H27: Ngô Thành Đạt | I27: Passed | J27: 46325 | K27: Ngô Thành Đạt | L27: Passed | M27: 46325 | N27: Ngô Thành Đạt | O27: HTTP 200, 4 entries
A28: Update, archive, complete project
A29: ST-PRJ-12 | B29: Archive the project; it is read-only | C29: 1. POST /archive 2. PATCH a setting 3. POST /restore | D29: Change refused while archived; restore works | E29: Project Manager | F29: Passed | G29: 46325 | H29: Ngô Thành Đạt | I29: Passed | J29: 46325 | K29: Ngô Thành Đạt | L29: Passed | M29: 46325 | N29: Ngô Thành Đạt | O29: archive 200, patch 409, restore 200
A30: Transfer ownership
A31: ST-PRJ-13 | B31: Hand the project to an active member | C31: 1. POST /transfer-ownership with the Researcher id | D31: Owner changed | E31: Researcher is an active member | F31: Passed | G31: 46325 | H31: Ngô Thành Đạt | I31: Passed | J31: 46325 | K31: Ngô Thành Đạt | L31: Passed | M31: 46325 | N31: Ngô Thành Đạt | O31: HTTP 200
A32: Delete project
A33: ST-PRJ-14 | B33: Delete the project | C33: 1. As new owner DELETE /projects/{id} 2. GET the project | D33: Project and its data removed | E33: Caller is owner | F33: Passed | G33: 46325 | H33: Ngô Thành Đạt | I33: Passed | J33: 46325 | K33: Ngô Thành Đạt | L33: Passed | M33: 46325 | N33: Ngô Thành Đạt | O33: delete 200, get 404

Sheet Data Management
A2: Feature | B2: Data Management | R2: Passed
A3: Test requirement | B3: Dataset upload, versions, preview, download and access rules (FE-03; UC-06). | R3: Failed
A4: Number of TCs | B4: =COUNTIF(A12:A21,"ST-*") | R4: Pending
A5: Testing Round | B5: Passed | C5: Failed | D5: Pending | E5: N/A | R5: N/A
A6: Round 1 | B6: =COUNTIF($F$12:$F$21,B$5) | C6: =COUNTIF($F$12:$F$21,C$5) | D6: =COUNTIF($F$12:$F$21,D$5) | E6: =COUNTIF($F$12:$F$21,E$5)
A7: Round 2 | B7: =COUNTIF($I$12:$I$21,B$5) | C7: =COUNTIF($I$12:$I$21,C$5) | D7: =COUNTIF($I$12:$I$21,D$5) | E7: =COUNTIF($I$12:$I$21,E$5)
A8: Round 3 | B8: =COUNTIF($L$12:$L$21,B$5) | C8: =COUNTIF($L$12:$L$21,C$5) | D8: =COUNTIF($L$12:$L$21,D$5) | E8: =COUNTIF($L$12:$L$21,E$5)
A10: Test Case ID | B10: Test Case Description | C10: Test Case Procedure | D10: Expected Results | E10: Pre-conditions | F10: Round 1 | G10: Test date | H10: Tester | I10: Round 2 | J10: Test date | K10: Tester | L10: Round 3 | M10: Test date | N10: Tester | O10: Note
A11: Upload dataset
A12: ST-DS-01 | B12: Upload a valid CSV file | C12: 1. POST /projects/{id}/datasets with name and a 60-row CSV | D12: Dataset and version 1 created | E12: Signed in as Researcher | F12: Passed | G12: 46325 | H12: Ngô Thành Đạt | I12: Passed | J12: 46325 | K12: Ngô Thành Đạt | L12: Passed | M12: 46325 | N12: Ngô Thành Đạt | O12: HTTP 201
A13: ST-DS-02 | B13: Upload a file in an unsupported format | C13: 1. POST datasets with a binary .exe file | D13: Upload refused; nothing stored | E13: Signed in as Researcher | F13: Passed | G13: 46325 | H13: Ngô Thành Đạt | I13: Passed | J13: 46325 | K13: Ngô Thành Đạt | L13: Passed | M13: 46325 | N13: Ngô Thành Đạt | O13: HTTP 415
A14: ST-DS-06 | B14: A non-member uploads a dataset | C14: 1. As outsider POST datasets | D14: Refused (403/404) | E14: Project exists | F14: Passed | G14: 46325 | H14: Ngô Thành Đạt | I14: Passed | J14: 46325 | K14: Ngô Thành Đạt | L14: Passed | M14: 46325 | N14: Ngô Thành Đạt | O14: HTTP 404
A15: Upload new dataset version
A16: ST-DS-03 | B16: Upload a second version | C16: 1. POST /datasets/{id}/versions with a new CSV 2. GET versions | D16: Two versions; version 1 unchanged | E16: Dataset exists | F16: Passed | G16: 46325 | H16: Ngô Thành Đạt | I16: Passed | J16: 46325 | K16: Ngô Thành Đạt | L16: Passed | M16: 46325 | N16: Ngô Thành Đạt | O16: HTTP 201, 2 versions
A17: View dataset detail
A18: ST-DS-04 | B18: Preview a dataset version | C18: 1. GET /datasets/{id}/versions/{v}/preview | D18: Columns and first rows shown | E18: Version exists | F18: Passed | G18: 46325 | H18: Ngô Thành Đạt | I18: Passed | J18: 46325 | K18: Ngô Thành Đạt | L18: Passed | M18: 46325 | N18: Ngô Thành Đạt | O18: HTTP 200
A19: ST-DS-05 | B19: Download a dataset version | C19: 1. GET /versions/{v}/download | D19: File downloads as attachment | E19: Version exists | F19: Passed | G19: 46325 | H19: Ngô Thành Đạt | I19: Passed | J19: 46325 | K19: Ngô Thành Đạt | L19: Passed | M19: 46325 | N19: Ngô Thành Đạt | O19: HTTP 200, 784 bytes
A20: Rename or delete dataset
A21: ST-DS-07 | B21: Rename a dataset | C21: 1. PATCH /datasets/{id} with a new name | D21: Name saved | E21: Dataset exists | F21: Passed | G21: 46325 | H21: Ngô Thành Đạt | I21: Passed | J21: 46325 | K21: Ngô Thành Đạt | L21: Passed | M21: 46325 | N21: Ngô Thành Đạt | O21: HTTP 200

Sheet Data Connections & Integrations
A2: Feature | B2: Data Connections & Integrations | R2: Passed
A3: Test requirement | B3: External data connections and webhook integrations (FE-03; UC-07). | R3: Failed
A4: Number of TCs | B4: =COUNTIF(A12:A20,"ST-*") | R4: Pending
A5: Testing Round | B5: Passed | C5: Failed | D5: Pending | E5: N/A | R5: N/A
A6: Round 1 | B6: =COUNTIF($F$12:$F$20,B$5) | C6: =COUNTIF($F$12:$F$20,C$5) | D6: =COUNTIF($F$12:$F$20,D$5) | E6: =COUNTIF($F$12:$F$20,E$5)
A7: Round 2 | B7: =COUNTIF($I$12:$I$20,B$5) | C7: =COUNTIF($I$12:$I$20,C$5) | D7: =COUNTIF($I$12:$I$20,D$5) | E7: =COUNTIF($I$12:$I$20,E$5)
A8: Round 3 | B8: =COUNTIF($L$12:$L$20,B$5) | C8: =COUNTIF($L$12:$L$20,C$5) | D8: =COUNTIF($L$12:$L$20,D$5) | E8: =COUNTIF($L$12:$L$20,E$5)
A10: Test Case ID | B10: Test Case Description | C10: Test Case Procedure | D10: Expected Results | E10: Pre-conditions | F10: Round 1 | G10: Test date | H10: Tester | I10: Round 2 | J10: Test date | K10: Tester | L10: Round 3 | M10: Test date | N10: Tester | O10: Note
A11: Manage data connection and import
A12: ST-CN-01 | B12: Connect to a reachable PostgreSQL | C12: 1. POST /connections kind postgres, host db, valid credentials | D12: Connection tested and saved | E12: Project Manager; local PostgreSQL running | F12: Passed | G12: 46325 | H12: Ngô Thành Đạt | I12: Passed | J12: 46325 | K12: Ngô Thành Đạt | L12: Passed | M12: 46325 | N12: Ngô Thành Đạt | O12: HTTP 201
A13: ST-CN-02 | B13: Connect with a wrong password | C13: 1. POST /connections with a wrong password | D13: Error shown; nothing saved | E13: Project Manager | F13: Passed | G13: 46325 | H13: Ngô Thành Đạt | I13: Passed | J13: 46325 | K13: Ngô Thành Đạt | L13: Passed | M13: 46325 | N13: Ngô Thành Đạt | O13: HTTP 422, connections 1->1
A14: ST-CN-03 | B14: Paste text into the host field | C14: 1. POST /connections with host "db; DROP TABLE x" | D14: Validation error; nothing saved | E14: Project Manager | F14: Passed | G14: 46325 | H14: Ngô Thành Đạt | I14: Passed | J14: 46325 | K14: Ngô Thành Đạt | L14: Passed | M14: 46325 | N14: Ngô Thành Đạt | O14: HTTP 422
A15: ST-CN-04 | B15: Browse tables of a connection | C15: 1. GET /connections/{id}/tables | D15: Tables of the source listed | E15: Connection saved | F15: Passed | G15: 46325 | H15: Ngô Thành Đạt | I15: Passed | J15: 46325 | K15: Ngô Thành Đạt | L15: Passed | M15: 46325 | N15: Ngô Thành Đạt | O15: HTTP 200
A16: ST-CN-05 | B16: The response never shows the password | C16: 1. GET /connections/{id} 2. Search the body for the password | D16: Password not in any response | E16: Connection saved | F16: Passed | G16: 46325 | H16: Ngô Thành Đạt | I16: Passed | J16: 46325 | K16: Ngô Thành Đạt | L16: Passed | M16: 46325 | N16: Ngô Thành Đạt | O16: HTTP 200
A17: ST-CN-08 | B17: Delete a connection | C17: 1. DELETE /connections/{id} | D17: Connection removed | E17: Connection saved | F17: Passed | G17: 46325 | H17: Ngô Thành Đạt | I17: Passed | J17: 46325 | K17: Ngô Thành Đạt | L17: Passed | M17: 46325 | N17: Ngô Thành Đạt | O17: HTTP 200
A18: Manage project integrations
A19: ST-CN-06 | B19: Add a Slack webhook | C19: 1. POST /integrations provider slack with a hooks.slack.com URL | D19: Integration saved | E19: Project Manager | F19: Passed | G19: 46325 | H19: Ngô Thành Đạt | I19: Passed | J19: 46325 | K19: Ngô Thành Đạt | L19: Passed | M19: 46325 | N19: Ngô Thành Đạt | O19: HTTP 201
A20: ST-CN-07 | B20: Add a webhook to an unknown host | C20: 1. POST /integrations with https://evil.example/hook | D20: Validation error (422) | E20: Project Manager | F20: Passed | G20: 46325 | H20: Ngô Thành Đạt | I20: Passed | J20: 46325 | K20: Ngô Thành Đạt | L20: Passed | M20: 46325 | N20: Ngô Thành Đạt | O20: HTTP 422

Sheet Local Node
A2: Feature | B2: Local Node | R2: Passed
A3: Test requirement | B3: Pairing and revoking a Local Node runner (UC-08). | R3: Failed
A4: Number of TCs | B4: =COUNTIF(A12:A15,"ST-*") | R4: Pending
A5: Testing Round | B5: Passed | C5: Failed | D5: Pending | E5: N/A | R5: N/A
A6: Round 1 | B6: =COUNTIF($F$12:$F$15,B$5) | C6: =COUNTIF($F$12:$F$15,C$5) | D6: =COUNTIF($F$12:$F$15,D$5) | E6: =COUNTIF($F$12:$F$15,E$5)
A7: Round 2 | B7: =COUNTIF($I$12:$I$15,B$5) | C7: =COUNTIF($I$12:$I$15,C$5) | D7: =COUNTIF($I$12:$I$15,D$5) | E7: =COUNTIF($I$12:$I$15,E$5)
A8: Round 3 | B8: =COUNTIF($L$12:$L$15,B$5) | C8: =COUNTIF($L$12:$L$15,C$5) | D8: =COUNTIF($L$12:$L$15,D$5) | E8: =COUNTIF($L$12:$L$15,E$5)
A10: Test Case ID | B10: Test Case Description | C10: Test Case Procedure | D10: Expected Results | E10: Pre-conditions | F10: Round 1 | G10: Test date | H10: Tester | I10: Round 2 | J10: Test date | K10: Tester | L10: Round 3 | M10: Test date | N10: Tester | O10: Note
A11: Pair a Local Node
A12: ST-LN-01 | B12: Create a runner and read its token once | C12: 1. POST /runners with a name 2. GET /runners | D12: Token returned once; list does not show it | E12: Project Manager | F12: Passed | G12: 46325 | H12: Ngô Thành Đạt | I12: Passed | J12: 46325 | K12: Ngô Thành Đạt | L12: Passed | M12: 46325 | N12: Ngô Thành Đạt | O12: HTTP 201, list HTTP 200
A13: ST-LN-02 | B13: A non-member creates a runner | C13: 1. As outsider POST /runners | D13: Refused (403/404) | E13: Project exists | F13: Passed | G13: 46325 | H13: Ngô Thành Đạt | I13: Passed | J13: 46325 | K13: Ngô Thành Đạt | L13: Passed | M13: 46325 | N13: Ngô Thành Đạt | O13: HTTP 404
A14: ST-LN-03 | B14: Revoke a runner | C14: 1. DELETE /runners/{id} | D14: Runner revoked | E14: Runner exists | F14: Passed | G14: 46325 | H14: Ngô Thành Đạt | I14: Passed | J14: 46325 | K14: Ngô Thành Đạt | L14: Passed | M14: 46325 | N14: Ngô Thành Đạt | O14: HTTP 204
A15: ST-LN-04 | B15: Revoke an unknown runner | C15: 1. DELETE /runners/{random id} | D15: runner_not_found (404) | E15: None | F15: Passed | G15: 46325 | H15: Ngô Thành Đạt | I15: Passed | J15: 46325 | K15: Ngô Thành Đạt | L15: Passed | M15: 46325 | N15: Ngô Thành Đạt | O15: HTTP 404

Sheet Research Run Orchestration
A2: Feature | B2: Research Run Orchestration | R2: Passed
A3: Test requirement | B3: Start, monitor, answer, accept, amend, stop and export a research run (FE-04; UC-09 to UC-13). | R3: Failed
A4: Number of TCs | B4: =COUNTIF(A12:A29,"ST-*") | R4: Pending
A5: Testing Round | B5: Passed | C5: Failed | D5: Pending | E5: N/A | R5: N/A
A6: Round 1 | B6: =COUNTIF($F$12:$F$29,B$5) | C6: =COUNTIF($F$12:$F$29,C$5) | D6: =COUNTIF($F$12:$F$29,D$5) | E6: =COUNTIF($F$12:$F$29,E$5)
A7: Round 2 | B7: =COUNTIF($I$12:$I$29,B$5) | C7: =COUNTIF($I$12:$I$29,C$5) | D7: =COUNTIF($I$12:$I$29,D$5) | E7: =COUNTIF($I$12:$I$29,E$5)
A8: Round 3 | B8: =COUNTIF($L$12:$L$29,B$5) | C8: =COUNTIF($L$12:$L$29,C$5) | D8: =COUNTIF($L$12:$L$29,D$5) | E8: =COUNTIF($L$12:$L$29,E$5)
A10: Test Case ID | B10: Test Case Description | C10: Test Case Procedure | D10: Expected Results | E10: Pre-conditions | F10: Round 1 | G10: Test date | H10: Tester | I10: Round 2 | J10: Test date | K10: Tester | L10: Round 3 | M10: Test date | N10: Tester | O10: Note
A11: Start research run
A12: ST-RUN-01 | B12: Start a run with an invalid intent | C12: 1. POST /runs with intent kind "guess" | D12: Validation error (422) | E12: Researcher; dataset exists | F12: Passed | G12: 46325 | H12: Ngô Thành Đạt | I12: Passed | J12: 46325 | K12: Ngô Thành Đạt | L12: Passed | M12: 46325 | N12: Ngô Thành Đạt | O12: HTTP 422
A13: ST-RUN-02 | B13: Start a run before the Platform Admin set the models | C13: 1. POST /runs with intent explore_dataset and the dataset version | D13: Refused (409 MODELS_NOT_CONFIGURED); no run created | E13: Researcher; dataset exists; no stage or review model set | F13: Passed | G13: 46325 | H13: Ngô Thành Đạt | I13: Passed | J13: 46325 | K13: Ngô Thành Đạt | L13: Passed | M13: 46325 | N13: Ngô Thành Đạt | O13: HTTP 409 MODELS_NOT_CONFIGURED, 0 runs
A14: ST-RUN-03 | B14: Start a run that explores a dataset | C14: 1. POST /runs with intent explore_dataset and the dataset version 2. GET the run | D14: Run created in state running; dataset stage starts | E14: Models configured; no active run | F14: Pending | G14: 46325 | H14: Ngô Thành Đạt | I14: Pending | J14: 46325 | K14: Ngô Thành Đạt | L14: Pending | M14: 46325 | N14: Ngô Thành Đạt | O14: Pending: no LLM provider is configured on the local stack (/admin/models stage and review are null), so no run can start; needs a provider key set by the Platform Admin
A15: ST-RUN-04 | B15: Start a second run while one is active | C15: 1. POST /runs again | D15: Refused (409); one active run per project | E15: A run is active | F15: Pending | G15: 46325 | H15: Ngô Thành Đạt | I15: Pending | J15: 46325 | K15: Ngô Thành Đạt | L15: Pending | M15: 46325 | N15: Ngô Thành Đạt | O15: Pending: no LLM provider is configured on the local stack (/admin/models stage and review are null), so no run can start; needs a provider key set by the Platform Admin
A16: Monitor run in Run Studio
A17: ST-RUN-05 | B17: Read the run, its stages and events | C17: 1. GET /runs/{id} 2. GET /runs/{id}/stages 3. GET /runs/{id}/events | D17: One run state; stages and events returned | E17: Run exists | F17: Pending | G17: 46325 | H17: Ngô Thành Đạt | I17: Pending | J17: 46325 | K17: Ngô Thành Đạt | L17: Pending | M17: 46325 | N17: Ngô Thành Đạt | O17: Pending: no LLM provider is configured on the local stack (/admin/models stage and review are null), so no run can start; needs a provider key set by the Platform Admin
A18: Answer gate
A19: ST-RUN-06 | B19: Answer a gate of a stage | C19: 1. Wait for a gate 2. POST /stages/{s}/gates/{g} with an option | D19: Gate closed; stage continues | E19: Stage waits at a gate | F19: Pending | G19: 46325 | H19: Ngô Thành Đạt | I19: Pending | J19: 46325 | K19: Ngô Thành Đạt | L19: Pending | M19: 46325 | N19: Ngô Thành Đạt | O19: Pending: no LLM provider is configured on the local stack (/admin/models stage and review are null), so no run can start; needs a provider key set by the Platform Admin
A20: Accept, send back or rerun stage
A21: ST-RUN-07 | B21: Accept a stage and send a later stage back | C21: 1. POST /stages/{s}/accept 2. POST /stages/{s2}/send-back | D21: Stage accepted; iteration 2 created | E21: Stage completed | F21: Pending | G21: 46325 | H21: Ngô Thành Đạt | I21: Pending | J21: 46325 | K21: Ngô Thành Đạt | L21: Pending | M21: 46325 | N21: Ngô Thành Đạt | O21: Pending: no LLM provider is configured on the local stack (/admin/models stage and review are null), so no run can start; needs a provider key set by the Platform Admin
A22: Amend a research case
A23: ST-RUN-08 | B23: Amend the case with an empty reason | C23: 1. POST /case/amendments with reason "" | D23: Refused; case unchanged | E23: Run exists | F23: Pending | G23: 46325 | H23: Ngô Thành Đạt | I23: Pending | J23: 46325 | K23: Ngô Thành Đạt | L23: Pending | M23: 46325 | N23: Ngô Thành Đạt | O23: Pending: no LLM provider is configured on the local stack (/admin/models stage and review are null), so no run can start; needs a provider key set by the Platform Admin
A24: Comment on run
A25: ST-RUN-09 | B25: Comment on a run | C25: 1. POST /runs/{id}/comments 2. GET comments | D25: Comment saved and listed | E25: Run exists | F25: Pending | G25: 46325 | H25: Ngô Thành Đạt | I25: Pending | J25: 46325 | K25: Ngô Thành Đạt | L25: Pending | M25: 46325 | N25: Ngô Thành Đạt | O25: Pending: no LLM provider is configured on the local stack (/admin/models stage and review are null), so no run can start; needs a provider key set by the Platform Admin
A26: Pause, resume, stop run
A27: ST-RUN-10 | B27: Stop the run | C27: 1. POST /runs/{id}/stop with a reason 2. GET the run | D27: Run stopped; accepted objects kept | E27: Run active | F27: Pending | G27: 46325 | H27: Ngô Thành Đạt | I27: Pending | J27: 46325 | K27: Ngô Thành Đạt | L27: Pending | M27: 46325 | N27: Ngô Thành Đạt | O27: Pending: no LLM provider is configured on the local stack (/admin/models stage and review are null), so no run can start; needs a provider key set by the Platform Admin
A28: Download and compare artifacts
A29: ST-RUN-11 | B29: Export an ended run | C29: 1. GET /runs/{id}/artifacts/export | D29: ZIP with every file and its hash | E29: Run ended | F29: Pending | G29: 46325 | H29: Ngô Thành Đạt | I29: Pending | J29: 46325 | K29: Ngô Thành Đạt | L29: Pending | M29: 46325 | N29: Ngô Thành Đạt | O29: Pending: no LLM provider is configured on the local stack (/admin/models stage and review are null), so no run can start; needs a provider key set by the Platform Admin

Sheet Notifications
A2: Feature | B2: Notifications | R2: Passed
A3: Test requirement | B3: Notification preferences and in-app notifications. | R3: Failed
A4: Number of TCs | B4: =COUNTIF(A12:A14,"ST-*") | R4: Pending
A5: Testing Round | B5: Passed | C5: Failed | D5: Pending | E5: N/A | R5: N/A
A6: Round 1 | B6: =COUNTIF($F$12:$F$14,B$5) | C6: =COUNTIF($F$12:$F$14,C$5) | D6: =COUNTIF($F$12:$F$14,D$5) | E6: =COUNTIF($F$12:$F$14,E$5)
A7: Round 2 | B7: =COUNTIF($I$12:$I$14,B$5) | C7: =COUNTIF($I$12:$I$14,C$5) | D7: =COUNTIF($I$12:$I$14,D$5) | E7: =COUNTIF($I$12:$I$14,E$5)
A8: Round 3 | B8: =COUNTIF($L$12:$L$14,B$5) | C8: =COUNTIF($L$12:$L$14,C$5) | D8: =COUNTIF($L$12:$L$14,D$5) | E8: =COUNTIF($L$12:$L$14,E$5)
A10: Test Case ID | B10: Test Case Description | C10: Test Case Procedure | D10: Expected Results | E10: Pre-conditions | F10: Round 1 | G10: Test date | H10: Tester | I10: Round 2 | J10: Test date | K10: Tester | L10: Round 3 | M10: Test date | N10: Tester | O10: Note
A11: Notification preferences
A12: ST-NT-01 | B12: Read and change own preferences | C12: 1. GET notification-preferences/me 2. PATCH with the version | D12: Preferences saved | E12: Member of the project | F12: Passed | G12: 46325 | H12: Ngô Thành Đạt | I12: Passed | J12: 46325 | K12: Ngô Thành Đạt | L12: Passed | M12: 46325 | N12: Ngô Thành Đạt | O12: HTTP 200
A13: View notifications
A14: ST-NT-02 | B14: Read the unread count and mark all read | C14: 1. GET /notifications/unread-count 2. POST /notifications/read-all 3. GET unread-count | D14: Count is 0 after read-all | E14: Signed in | F14: Passed | G14: 46325 | H14: Ngô Thành Đạt | I14: Passed | J14: 46325 | K14: Ngô Thành Đạt | L14: Passed | M14: 46325 | N14: Ngô Thành Đạt | O14: 200/200/200, count=0

Sheet Administration
A2: Feature | B2: Administration | R2: Passed
A3: Test requirement | B3: Platform Admin overview, usage and settings (UC-02, UC-05). | R3: Failed
A4: Number of TCs | B4: =COUNTIF(A12:A17,"ST-*") | R4: Pending
A5: Testing Round | B5: Passed | C5: Failed | D5: Pending | E5: N/A | R5: N/A
A6: Round 1 | B6: =COUNTIF($F$12:$F$17,B$5) | C6: =COUNTIF($F$12:$F$17,C$5) | D6: =COUNTIF($F$12:$F$17,D$5) | E6: =COUNTIF($F$12:$F$17,E$5)
A7: Round 2 | B7: =COUNTIF($I$12:$I$17,B$5) | C7: =COUNTIF($I$12:$I$17,C$5) | D7: =COUNTIF($I$12:$I$17,D$5) | E7: =COUNTIF($I$12:$I$17,E$5)
A8: Round 3 | B8: =COUNTIF($L$12:$L$17,B$5) | C8: =COUNTIF($L$12:$L$17,C$5) | D8: =COUNTIF($L$12:$L$17,D$5) | E8: =COUNTIF($L$12:$L$17,E$5)
A10: Test Case ID | B10: Test Case Description | C10: Test Case Procedure | D10: Expected Results | E10: Pre-conditions | F10: Round 1 | G10: Test date | H10: Tester | I10: Round 2 | J10: Test date | K10: Tester | L10: Round 3 | M10: Test date | N10: Tester | O10: Note
A11: Review health and operating metrics
A12: ST-AD-01 | B12: Platform Admin opens the overview | C12: 1. Sign in as admin@example.com 2. GET /admin/overview | D12: Overview returned | E12: Default admin account | F12: Passed | G12: 46325 | H12: Ngô Thành Đạt | I12: Passed | J12: 46325 | K12: Ngô Thành Đạt | L12: Passed | M12: 46325 | N12: Ngô Thành Đạt | O12: HTTP 200
A13: ST-AD-02 | B13: A normal user opens the admin overview | C13: 1. As Researcher GET /admin/overview | D13: Refused (403) | E13: Signed in | F13: Passed | G13: 46325 | H13: Ngô Thành Đạt | I13: Passed | J13: 46325 | K13: Ngô Thành Đạt | L13: Passed | M13: 46325 | N13: Ngô Thành Đạt | O13: HTTP 403
A14: View project metadata
A15: ST-AD-03 | B15: Platform Admin reads project usage without content | C15: 1. As admin GET /admin/usage/projects 2. As admin GET a dataset of the project | D15: Usage listed; dataset refused | E15: Admin is not a member | F15: Failed | G15: 46325 | H15: Ngô Thành Đạt | I15: Failed | J15: 46325 | K15: Ngô Thành Đạt | L15: Failed | M15: 46325 | N15: Ngô Thành Đạt | O15: usage 200, dataset 200
A16: Manage platform settings
A17: ST-AD-04 | B17: Read the platform settings schema | C17: 1. As admin GET /admin/settings and /admin/settings/schema | D17: Settings and schema returned | E17: Signed in as admin | F17: Passed | G17: 46325 | H17: Ngô Thành Đạt | I17: Passed | J17: 46325 | K17: Ngô Thành Đạt | L17: Passed | M17: 46325 | N17: Ngô Thành Đạt | O17: 200/200
